PDB Code,Chain ID,Residue,Residue ID,Phi (°),Psi (°)
3gou,A,LEU,2,84.93733838895088,93.91251220521241
3gou,A,SER,3,-51.71749685991827,156.0920311586667
3gou,A,PRO,4,-46.23823447294782,-38.27533487381737
3gou,A,ALA,5,-72.93058201985333,-38.54056390626178
3gou,A,ASP,6,-52.60845599762399,-41.82169741074202
3gou,A,LYS,7,-74.29933958899026,-33.58037977355451
3gou,A,THR,8,-59.66745547515495,-46.18735681555697
3gou,A,ASN,9,-64.27024309212695,-45.778532487394045
3gou,A,ILE,10,-62.07783860765062,-44.5685934400442
3gou,A,LYS,11,-66.85969234293287,-32.768972420269904
3gou,A,SER,12,-76.61138129302562,-51.03528815356731
3gou,A,THR,13,-64.97784628562385,-30.242384425944778
3gou,A,TRP,14,-73.09600424485834,-28.42844714104885
3gou,A,ASP,15,-63.94005509133015,-48.95160777193112
3gou,A,LYS,16,-68.97047326447733,-25.92241387447811
3gou,A,ILE,17,-79.12822007432224,-36.79816656954179
3gou,A,GLY,18,51.85810226028707,-120.22912545989934
3gou,A,GLY,19,-74.08330236006722,-6.859272814918285
3gou,A,HIS,20,-78.84192591765105,-20.83425122934628
3gou,A,ALA,21,-54.422192804786704,-44.52037861834134
3gou,A,GLY,22,-60.22622299414286,-43.77615841005016
3gou,A,ASP,23,-65.3729301511242,-30.859634156845658
3gou,A,TYR,24,-70.07413685155674,-21.934796573337053
3gou,A,GLY,25,-61.557421177216725,-48.56388016180611
3gou,A,GLY,26,-64.27384907315805,-40.75079539197594
3gou,A,GLU,27,-65.76985654862503,-42.27102086850661
3gou,A,ALA,28,-72.28996430091043,-28.21748770181756
3gou,A,LEU,29,-71.52469314708172,-45.6437630308553
3gou,A,ASP,30,-51.993562394360055,-56.145476380866214
3gou,A,ARG,31,-55.886732289173835,-41.46002906419065
3gou,A,THR,32,-56.42720757087531,-46.91470930306829
3gou,A,PHE,33,-68.0169335619497,-39.66109135748272
3gou,A,GLN,34,-75.32976500897308,-47.30091535158735
3gou,A,SER,35,-72.07095303927389,-35.10775487966853
3gou,A,PHE,36,-135.43015856000682,98.53798285227765
3gou,A,PRO,37,-76.11680507506081,-8.653902254399497
3gou,A,THR,38,-71.31370377373358,-21.718147779128856
3gou,A,THR,39,-76.61604556123638,-24.57975274656073
3gou,A,LYS,40,-67.79799611356778,-19.587417786717992
3gou,A,THR,41,-54.81021820865949,-27.12840133655314
3gou,A,TYR,42,-72.92985694360175,-17.77142179899363
3gou,A,PHE,43,-123.31178242716406,79.96543974206793
3gou,A,PRO,44,-73.61663685992617,-38.69692712857247
3gou,A,HIS,45,-71.36050007376534,-4.044265729299468
3gou,A,PHE,46,-98.67295113319554,136.94694479464795
3gou,A,ASP,47,-70.75838568967355,129.23404607810653
3gou,A,LEU,48,-113.35538861757448,1.6652343188195573
3gou,A,SER,49,-49.87414621198792,159.06963935572423
3gou,A,PRO,50,-31.49940741393388,-73.98487159423033
3gou,A,GLY,51,-84.3509160297801,13.911062920644781
3gou,A,SER,52,-35.61431331348507,118.99504497843458
3gou,A,ALA,53,-64.60210011555831,-31.140912724271402
3gou,A,GLN,54,-71.26143153437042,-49.7235631248773
3gou,A,VAL,55,-59.82264910985576,-44.10169213853575
3gou,A,LYS,56,-46.14079456419694,-58.3418338469622
3gou,A,ALA,57,-55.9900332039079,-48.18124569763711
3gou,A,HIS,58,-66.60361159628188,-47.85515495928345
3gou,A,GLY,59,-47.888170918351705,-40.139009694479284
3gou,A,LYS,60,-66.71576823309121,-47.95054299875105
3gou,A,LYS,61,-50.8529316840586,-42.3915125806879
3gou,A,VAL,62,-61.87025521146265,-49.17141176528963
3gou,A,ALA,63,-59.686745990789376,-40.63700825732184
3gou,A,ASP,64,-54.516210357883125,-50.333561887659584
3gou,A,ALA,65,-52.07306746795392,-42.099196599132426
3gou,A,LEU,66,-72.8892967609067,-32.60953970747977
3gou,A,THR,67,-66.06873792897971,-38.52626814454615
3gou,A,THR,68,-57.874285337584894,-49.7814845837305
3gou,A,ALA,69,-51.739333957829444,-46.797998436183946
3gou,A,VAL,70,-66.66609282628659,-15.90963032053196
3gou,A,ALA,71,-96.88086210747484,-2.3700642736146165
3gou,A,HIS,72,-139.98756869993312,45.002939637911595
3gou,A,LEU,73,-64.53881373641565,-31.837478125124676
3gou,A,ASP,74,-77.44641131593013,-13.232683383739186
3gou,A,ASP,75,-147.93739486848074,95.00931305430055
3gou,A,LEU,76,-89.74032018527728,-48.62871322149354
3gou,A,PRO,77,-51.147547404081195,-46.75337391281076
3gou,A,GLY,78,-59.157286095165546,-54.73578163869672
3gou,A,ALA,79,-66.52395467902238,-21.501264954157307
3gou,A,LEU,80,-124.0691305109308,21.788405535391348
3gou,A,SER,81,-69.18687740652825,-23.873011444273715
3gou,A,ALA,82,-67.65532008886613,-45.927520675506116
3gou,A,LEU,83,-71.90276543147591,-24.759589926035744
3gou,A,SER,84,-60.657379540368765,-56.737267420268125
3gou,A,ASP,85,-58.869716776937594,-38.545589631911696
3gou,A,LEU,86,-67.25860852338175,-49.75924128224989
3gou,A,HIS,87,-75.64592924731598,-36.58165996854689
3gou,A,ALA,88,-81.731738025947,-66.33783217651467
3gou,A,TYR,89,-67.978638372161,-47.424095094010596
3gou,A,LYS,90,-88.33532396699323,-47.131353416817234
3gou,A,LEU,91,-79.39223473810341,-26.091981291388834
3gou,A,ARG,92,40.61680187450361,51.901542501747485
3gou,A,VAL,93,-62.03795540028122,173.00723575145003
3gou,A,ASP,94,-110.81218176782176,127.46075418450295
3gou,A,PRO,95,-54.01108384956059,-20.847942937168
3gou,A,VAL,96,-65.30871509316529,-27.86671929890798
3gou,A,ASN,97,-75.54538784457775,-16.614636225667596
3gou,A,PHE,98,-78.6300823205216,-35.64973177616224
3gou,A,LYS,99,-57.5910408685059,-36.99501619485653
3gou,A,LEU,100,-79.64834228292857,-47.754501833275384
3gou,A,LEU,101,-66.98001512456054,-33.882931656709445
3gou,A,SER,102,-66.39827398227705,-33.84697070528091
3gou,A,HIS,103,-61.538544447246394,-45.49406375652842
3gou,A,CYS,104,-73.44799443670539,-15.408572104334809
3gou,A,LEU,105,-75.33483746274528,-37.1590240939704
3gou,A,LEU,106,-70.36746585990322,-47.538824301173776
3gou,A,VAL,107,-58.009939252044575,-36.46712723574592
3gou,A,THR,108,-69.38033059562656,-42.25130036959075
3gou,A,LEU,109,-56.90155450447682,-49.64726451979692
3gou,A,ALA,110,-61.52961688198417,-35.05147864054868
3gou,A,CYS,111,-63.89878145395443,-22.86208330388817
3gou,A,HIS,112,-115.5274591438614,-29.1511906554085
3gou,A,HIS,113,-131.22768102133307,63.178821524189544
3gou,A,PRO,114,-65.14320281863654,-28.856325931774506
3gou,A,THR,115,-68.13927894327537,-29.842362038910352
3gou,A,GLU,116,-101.1374573084083,-14.121911154983763
3gou,A,PHE,117,-89.13048678083776,68.68789873154529
3gou,A,THR,118,-90.80238618951805,156.2329556566184
3gou,A,PRO,119,-49.81168197680702,-41.81851959209928
3gou,A,ALA,120,-61.554226944253315,-34.772077272747794
3gou,A,VAL,121,-78.96441683256033,-39.89356872821435
3gou,A,HIS,122,-54.605162362480655,-36.22230649895701
3gou,A,ALA,123,-74.26337931405764,-30.095493608049253
3gou,A,SER,124,-88.32454516707057,-29.904992911157336
3gou,A,LEU,125,-73.26614814894911,-41.77243321168848
3gou,A,ASP,126,-57.70300382066955,-38.79893005641978
3gou,A,LYS,127,-67.53380010967714,-39.34329820761434
3gou,A,PHE,128,-62.33287943078061,-48.2891261798309
3gou,A,PHE,129,-67.9016064221365,-32.6906496276367
3gou,A,ALA,130,-66.52569446612992,-38.925297734720004
3gou,A,ALA,131,-65.2719597869958,-41.13838022891835
3gou,A,VAL,132,-64.86046834571624,-37.254530593967246
3gou,A,SER,133,-66.89526996676886,-39.3960049234565
3gou,A,THR,134,-65.25580531165699,-36.67215169291228
3gou,A,VAL,135,-68.64684692036938,-40.744657203156066
3gou,A,LEU,136,-78.9390528917275,-21.037356083551572
3gou,A,THR,137,-93.54521837239038,3.735482698165839
3gou,A,SER,138,-58.454427112869894,-30.05577082156691
3gou,A,LYS,139,-74.98206881207864,-12.245525654037436
3gou,A,TYR,140,-75.91380773477061,-38.458425327187285
3gou,B,HIS,2,-142.6199095271899,-69.8328647007121
3gou,B,LEU,3,47.89409602594145,59.032269928817016
3gou,B,THR,4,-55.33993850518681,155.3348266055948
3gou,B,ALA,5,-40.30075726007155,-51.791463501284284
3gou,B,GLU,6,-47.618565014807984,-64.59447652734973
3gou,B,GLU,7,-49.27034464107152,-48.12708386231199
3gou,B,LYS,8,-56.36196513388063,-42.94498376811407
3gou,B,SER,9,-67.01276882928929,-42.423918434532624
3gou,B,LEU,10,-56.22518675931141,-52.70256377299859
3gou,B,VAL,11,-56.78048387755308,-40.37250797448456
3gou,B,SER,12,-70.27564403941693,-38.87300349840024
3gou,B,GLY,13,-50.0342219152831,-49.17488534458815
3gou,B,LEU,14,-70.81682487890474,-43.45704918800129
3gou,B,TRP,15,-52.89712075237756,-46.68365821836176
3gou,B,GLY,16,-49.45068947638893,-22.35691816724264
3gou,B,LYS,17,-114.37092340185231,2.5570262084131343
3gou,B,VAL,18,-66.42716203561812,143.45147800329948
3gou,B,ASN,19,-81.84840710081787,105.7222164285194
3gou,B,VAL,20,-56.17753091964778,-40.519050051293505
3gou,B,ASP,21,-81.81764504769865,-10.007358487701708
3gou,B,GLU,22,-124.65469686436423,-41.412070328103255
3gou,B,VAL,23,-59.90719844080746,-39.68566306856414
3gou,B,GLY,24,-67.87772009281791,-46.97556189418455
3gou,B,GLY,25,-63.3938046888604,-30.252521549231602
3gou,B,GLU,26,-73.0390732907151,-32.91147576472005
3gou,B,ALA,27,-76.12871145011107,-40.27722456367718
3gou,B,LEU,28,-66.05056694368683,-39.71053679677266
3gou,B,GLY,29,-65.4528290396223,-34.738410058322785
3gou,B,ARG,30,-80.14373319215615,-34.35837386235147
3gou,B,LEU,31,-63.70440112673319,-33.47577159278535
3gou,B,LEU,32,-68.73997681622893,-49.09456127754058
3gou,B,ILE,33,-64.35132102943908,-45.8602197086513
3gou,B,VAL,34,-77.33676949240933,-31.835088379411076
3gou,B,TYR,35,-125.84118348567007,73.02146917906407
3gou,B,PRO,36,-49.81817838826203,-29.67371956764498
3gou,B,TRP,37,-65.22437687568848,-5.14549691322199
3gou,B,THR,38,-80.80325072500575,-13.914922142963547
3gou,B,GLN,39,-69.4137337859102,-12.11874886091357
3gou,B,ARG,40,-52.87727247997012,-28.450231610585575
3gou,B,PHE,41,-96.38612759088343,5.397220263872839
3gou,B,PHE,42,-127.2149447330559,49.867508201703345
3gou,B,ASP,43,-79.57912456769753,8.273659756444403
3gou,B,SER,44,-125.72262825464017,22.82738095196703
3gou,B,PHE,45,-106.80498720215847,-1.9899149684314352
3gou,B,GLY,46,78.40465853669252,-145.29933344934406
3gou,B,ASP,47,-82.04237873805019,131.27531332314447
3gou,B,LEU,48,-123.19252987505921,-9.702132279148458
3gou,B,SER,49,-52.23681324016309,-18.457716285594103
3gou,B,THR,50,-135.4650190717608,146.17278425350946
3gou,B,PRO,51,-44.648409831988715,-58.26206982753294
3gou,B,ASP,52,-53.65118101187217,-28.068267757750903
3gou,B,ALA,53,-80.15005099720946,-40.345939225595316
3gou,B,VAL,54,-63.77335519314559,-35.53808757983592
3gou,B,MET,55,-88.9517245150036,7.87468010624508
3gou,B,SER,56,-117.98203579913505,-13.553212444624393
3gou,B,ASN,57,-53.24931288765386,112.38413999283637
3gou,B,ALA,58,-59.95535317325347,-42.02055347730132
3gou,B,LYS,59,-69.50830368455433,-43.98942524564967
3gou,B,VAL,60,-54.19239522755771,-50.53134974291629
3gou,B,LYS,61,-54.22534595944538,-52.12479442757049
3gou,B,ALA,62,-73.64757006943324,-26.617580466117403
3gou,B,HIS,63,-80.42591538613607,-24.920104410284807
3gou,B,GLY,64,-65.13486472009973,-44.512417426643566
3gou,B,LYS,65,-51.5634755296345,-43.593738755119375
3gou,B,LYS,66,-58.46298184497374,-41.632134287382485
3gou,B,VAL,67,-64.52216299658227,-39.037680621484924
3gou,B,LEU,68,-56.45633149366043,-46.55819165241718
3gou,B,ASN,69,-63.909171141092855,-36.25262293181524
3gou,B,SER,70,-70.69926052101813,-23.07679189884564
3gou,B,PHE,71,-74.69516687240699,-46.44949756109614
3gou,B,SER,72,-52.34032827965149,-43.76341880915032
3gou,B,ASP,73,-63.0962341323803,-38.01344710457735
3gou,B,GLY,74,-68.10767750170605,-38.62930405585814
3gou,B,LEU,75,-69.13215847362524,-13.437779880275627
3gou,B,LYS,76,-104.83370396699539,9.165144185595068
3gou,B,ASN,77,-150.27751532745015,40.33467978351001
3gou,B,LEU,78,-55.26112228499534,-25.21608990626669
3gou,B,ASP,79,-76.26095828918967,-29.23307769570539
3gou,B,ASN,80,-131.0197702820052,54.77551042644345
3gou,B,LEU,81,-61.97248537713432,-42.69652543618352
3gou,B,LYS,82,-53.728754504479156,-38.89931205820082
3gou,B,GLY,83,-79.8971655281078,-54.021894970350985
3gou,B,THR,84,-47.574562254225384,-43.67033017535769
3gou,B,PHE,85,-99.65465044995143,14.097390788027013
3gou,B,ALA,86,-59.52115176420446,-48.92283934249494
3gou,B,LYS,87,-80.09315651999587,-27.11153040999568
3gou,B,LEU,88,-73.93555975244224,-17.39957265442169
3gou,B,SER,89,-65.26153433421274,-53.85597552931199
3gou,B,GLU,90,-48.16063820283736,-54.23944639884044
3gou,B,LEU,91,-53.985691856153096,-57.79305416767917
3gou,B,HIS,92,-67.09608563480116,-25.209348107802015
3gou,B,CYS,93,-108.4279431555451,-39.17844198135782
3gou,B,ASP,94,-91.88783608839057,-30.842133304684467
3gou,B,LYS,95,-105.09027427672252,-46.67442320107273
3gou,B,LEU,96,-94.30408527929757,-33.627347612048084
3gou,B,HIS,97,63.05602686835954,39.386483992659464
3gou,B,VAL,98,-63.391332300008855,122.1038131935664
3gou,B,ASP,99,-53.708215400185665,139.5586873147712
3gou,B,PRO,100,-68.1793350107992,-16.216303998309144
3gou,B,GLU,101,-64.72545014061285,-30.757381408524736
3gou,B,ASN,102,-78.36863067760537,-7.665911612109966
3gou,B,PHE,103,-70.14524983173027,-48.05963677641239
3gou,B,LYS,104,-62.73887042637743,-28.71844762910777
3gou,B,LEU,105,-75.30572239784493,-50.20584118201393
3gou,B,LEU,106,-59.79178201535365,-36.62824946914088
3gou,B,GLY,107,-61.160646897959055,-51.130996530116704
3gou,B,ASN,108,-61.59804848916849,-39.731473064833295
3gou,B,VAL,109,-76.60048503579843,-19.302508221818385
3gou,B,LEU,110,-60.300129465947904,-44.753447655113746
3gou,B,VAL,111,-61.52712668991086,-28.902772492972673
3gou,B,CYS,112,-68.01422370826755,-39.367450294046336
3gou,B,VAL,113,-71.27433923952366,-44.629614062195316
3gou,B,LEU,114,-50.217556973514945,-51.38206117599347
3gou,B,ALA,115,-55.64558473736824,-40.268764230448625
3gou,B,HIS,116,-71.14778398562056,-38.479193550799806
3gou,B,HIS,117,-76.67553020915766,-37.03412600925722
3gou,B,PHE,118,-92.24857780238781,-25.876681139877405
3gou,B,GLY,119,52.46663074613545,-119.5368631373938
3gou,B,LYS,120,-40.37551683641939,-56.112790922809864
3gou,B,GLU,121,-82.55488683085318,11.259706440977396
3gou,B,PHE,122,-95.71429012980529,70.43340683234379
3gou,B,THR,123,-64.04996916425982,154.2231701902126
3gou,B,PRO,124,-48.58147083004707,-34.843930742272704
3gou,B,GLN,125,-56.97196856781352,-54.23415394390007
3gou,B,VAL,126,-54.34875203430545,-48.64514331972072
3gou,B,GLN,127,-59.071646043088805,-46.42974799954365
3gou,B,ALA,128,-49.969160881603614,-49.190940835446554
3gou,B,ALA,129,-56.93102735179018,-42.394969249970615
3gou,B,TYR,130,-77.05870277509233,-19.575629471612075
3gou,B,GLN,131,-74.39492904557616,-44.70729866384005
3gou,B,LYS,132,-51.56611188460684,-44.95735944215036
3gou,B,VAL,133,-66.27033024438869,-41.30503397586088
3gou,B,VAL,134,-64.22814041163608,-50.909058308267305
3gou,B,ALA,135,-56.50179259835795,-35.3817395013304
3gou,B,GLY,136,-77.7652129372685,-38.03502755736366
3gou,B,VAL,137,-60.166378777871046,-40.11817732053768
3gou,B,ALA,138,-63.43437550121567,-42.03157443548179
3gou,B,ASN,139,-69.68849595112508,-37.34847981763224
3gou,B,ALA,140,-55.47384363366031,-48.459280500931186
3gou,B,LEU,141,-66.927432407361,-33.07533764244505
3gou,B,ALA,142,-89.18179215573588,8.473812606185334
3gou,B,HIS,143,-62.777367786919925,-44.01088238800932
3gou,B,LYS,144,-63.97451533581565,-25.99075273901593
3gou,B,TYR,145,-73.87565122651526,-18.583113674745107
3gou,C,LEU,2,77.77639459088255,31.462723522053864
3gou,C,SER,3,-56.32084740162978,136.1998784157161
3gou,C,PRO,4,-42.54006671402678,-21.80488449170369
3gou,C,ALA,5,-61.566250162556,-56.10761403230077
3gou,C,ASP,6,-65.95257478544156,-42.20871906044326
3gou,C,LYS,7,-53.50631373226821,-40.80764800969442
3gou,C,THR,8,-63.98962719431191,-39.015304740227975
3gou,C,ASN,9,-72.73985918959151,-40.14452527359808
3gou,C,ILE,10,-62.184967993269964,-58.055706490757814
3gou,C,LYS,11,-53.028712583400306,-52.456476273636326
3gou,C,SER,12,-54.22863754168981,-40.39319110422562
3gou,C,THR,13,-75.27828143040708,-45.412496279411414
3gou,C,TRP,14,-59.49964523693194,-21.170434306931696
3gou,C,ASP,15,-75.77910169051577,-39.99972777470086
3gou,C,LYS,16,-83.3119409993165,-13.076381509458486
3gou,C,ILE,17,-63.68161103061604,-47.023802929057126
3gou,C,GLY,18,61.47269611054577,-122.39448768980996
3gou,C,GLY,19,-84.75882470116716,-8.163631370218667
3gou,C,HIS,20,-79.0218953868158,-6.122065736442551
3gou,C,ALA,21,-53.252283618532346,-59.36959416174864
3gou,C,GLY,22,-55.91887421768347,-38.94887568872491
3gou,C,ASP,23,-60.76512646235864,-37.83841415576228
3gou,C,TYR,24,-69.70206201037666,-47.530123347508805
3gou,C,GLY,25,-44.696046189235744,-39.15072578190305
3gou,C,GLY,26,-69.84662619843986,-46.90913095940803
3gou,C,GLU,27,-66.7390455341567,-41.099820323628705
3gou,C,ALA,28,-55.34920313412832,-51.29286108077497
3gou,C,LEU,29,-59.080418092674265,-45.53761024412552
3gou,C,ASP,30,-52.12946885427813,-47.14000750269088
3gou,C,ARG,31,-64.02550631505558,-37.02941028776314
3gou,C,THR,32,-67.15674907283004,-42.161398651262914
3gou,C,PHE,33,-60.85247209722688,-42.70797623385985
3gou,C,GLN,34,-74.76172580695612,-42.765299131119946
3gou,C,SER,35,-76.13822731362971,-39.56332213548217
3gou,C,PHE,36,-123.67980100891253,86.91135603112525
3gou,C,PRO,37,-66.43120843865499,-19.318391515330887
3gou,C,THR,38,-56.936451599888414,-30.256953840343158
3gou,C,THR,39,-79.68754561461034,-23.71245674815387
3gou,C,LYS,40,-65.64994152202874,-6.983473642756735
3gou,C,THR,41,-78.95460499313327,-10.461749331327582
3gou,C,TYR,42,-88.26812810276927,-9.173411304462462
3gou,C,PHE,43,-123.37928064951177,51.34258059504205
3gou,C,PRO,44,-64.22727661296764,-19.760895274023966
3gou,C,HIS,45,-92.90642893845275,1.1413778677058986
3gou,C,PHE,46,-102.76065142636043,146.01846025607244
3gou,C,ASP,47,-77.93985040115014,126.428411100468
3gou,C,LEU,48,-107.64079948921233,10.574453300349404
3gou,C,SER,49,-37.30238516660759,166.4459867125114
3gou,C,PRO,50,-48.365513919761696,-32.74528221407019
3gou,C,GLY,51,-113.2302596787795,5.518633557586668
3gou,C,SER,52,-41.586817537538366,123.85117565850362
3gou,C,ALA,53,-69.69999474681872,-34.32741852375585
3gou,C,GLN,54,-60.99010229332788,-50.59486539560638
3gou,C,VAL,55,-58.95392720725343,-42.64895525177266
3gou,C,LYS,56,-59.663333556316616,-48.29657614393898
3gou,C,ALA,57,-71.585219082971,-40.72684877608759
3gou,C,HIS,58,-59.419861784848365,-40.77702226851309
3gou,C,GLY,59,-61.568409622458915,-33.79769794345319
3gou,C,LYS,60,-61.44703967366749,-42.913778282760916
3gou,C,LYS,61,-69.80596281083304,-28.07593145999428
3gou,C,VAL,62,-75.77906097337527,-44.00161607682492
3gou,C,ALA,63,-63.57865797517931,-29.22858351804689
3gou,C,ASP,64,-72.4232776812106,-43.10904782904103
3gou,C,ALA,65,-55.69751253400848,-41.238475683124165
3gou,C,LEU,66,-71.43406239402287,-31.701579059685116
3gou,C,THR,67,-70.24402186242078,-36.44981540564132
3gou,C,THR,68,-60.222474864322066,-36.885083153255266
3gou,C,ALA,69,-68.0547285088681,-43.41364658004062
3gou,C,VAL,70,-61.170043519886576,-41.84614472164856
3gou,C,ALA,71,-67.15513055997673,-13.855245462536288
3gou,C,HIS,72,-140.4932484451986,60.93159200024189
3gou,C,LEU,73,-71.07188182435328,-24.18742190422472
3gou,C,ASP,74,-88.92545012052001,5.4712285467659285
3gou,C,ASP,75,-156.24567391919885,84.16585680646881
3gou,C,LEU,76,-84.3681378223234,-42.2929112247821
3gou,C,PRO,77,-47.95521289472302,-52.918434609676154
3gou,C,GLY,78,-72.32144366751605,-36.01051809690705
3gou,C,ALA,79,-63.100739396508715,-33.77003855211041
3gou,C,LEU,80,-109.06299888498077,13.53817721146757
3gou,C,SER,81,-54.94950040897672,-41.96516884036518
3gou,C,ALA,82,-64.794545050433,-31.89424220780745
3gou,C,LEU,83,-80.82793147946026,-27.75846873052876
3gou,C,SER,84,-63.40527528297142,-46.278400517836815
3gou,C,ASP,85,-60.15242196325892,-47.161501426284474
3gou,C,LEU,86,-64.97730162652843,-44.79163568370274
3gou,C,HIS,87,-81.19361234314354,-22.095310132430797
3gou,C,ALA,88,-97.92821557555425,-51.76334149608968
3gou,C,TYR,89,-78.42767455079156,-35.4136880044492
3gou,C,LYS,90,-103.28314216413276,-51.986984135732285
3gou,C,LEU,91,-84.43885224599394,-23.452227919640052
3gou,C,ARG,92,47.29418128917115,55.72977966539335
3gou,C,VAL,93,-71.86849590227735,138.07517634944702
3gou,C,ASP,94,-67.64037009354827,134.15925512019726
3gou,C,PRO,95,-52.02026056624672,-17.3337156967805
3gou,C,VAL,96,-84.64855179561776,-19.279549972883302
3gou,C,ASN,97,-85.21570671450088,-13.92311074553271
3gou,C,PHE,98,-70.71787717408564,-33.6058267429147
3gou,C,LYS,99,-70.09908890799981,-39.15274680908911
3gou,C,LEU,100,-68.83433682678366,-51.09084721834748
3gou,C,LEU,101,-62.016008635803246,-35.831001277436314
3gou,C,SER,102,-61.38067362006345,-51.74498259672697
3gou,C,HIS,103,-48.40301349159435,-49.73893651996377
3gou,C,CYS,104,-65.76373341128563,-29.252886563954206
3gou,C,LEU,105,-68.865127291262,-38.23438336737763
3gou,C,LEU,106,-67.03488732940517,-45.7801324730132
3gou,C,VAL,107,-56.62388133270443,-46.01464721917989
3gou,C,THR,108,-52.41170879930806,-47.17435190328126
3gou,C,LEU,109,-70.66332323560111,-34.97401818990926
3gou,C,ALA,110,-59.55108726112982,-49.78819492614056
3gou,C,CYS,111,-56.67881399189959,-37.257607786523124
3gou,C,HIS,112,-100.1156233387999,-25.682657250046788
3gou,C,HIS,113,-129.64258206681586,78.6544581623861
3gou,C,PRO,114,-69.3288598584619,-29.197057294817114
3gou,C,THR,115,-77.31651189320371,-53.34422678965103
3gou,C,GLU,116,-63.67026173386412,-32.18826973177107
3gou,C,PHE,117,-73.43266390951106,55.3319834617194
3gou,C,THR,118,-69.7818682786211,161.01374615806054
3gou,C,PRO,119,-45.72283509923648,-48.981063363775064
3gou,C,ALA,120,-66.60783993896318,-37.41328842327198
3gou,C,VAL,121,-74.7239274529985,-29.119739673727167
3gou,C,HIS,122,-73.27656287067508,-32.30031833288206
3gou,C,ALA,123,-77.23416067347478,-37.69365654017889
3gou,C,SER,124,-64.63097113520774,-44.17849475709693
3gou,C,LEU,125,-60.21425780862265,-43.9117910900091
3gou,C,ASP,126,-59.715648940506526,-46.66404034171558
3gou,C,LYS,127,-52.57135371852033,-44.94845828514809
3gou,C,PHE,128,-67.95967999237702,-40.88979195591932
3gou,C,PHE,129,-71.69322796700638,-43.977220807545535
3gou,C,ALA,130,-55.406989378003615,-36.7490604093191
3gou,C,ALA,131,-66.88598383343896,-56.961285476326395
3gou,C,VAL,132,-45.09665165992874,-52.04622873558077
3gou,C,SER,133,-65.08161505824557,-42.65618733473707
3gou,C,THR,134,-50.57193597205145,-45.13180799461554
3gou,C,VAL,135,-70.14498169028455,-28.383061457339835
3gou,C,LEU,136,-77.81401046367367,-29.71839621436274
3gou,C,THR,137,-85.83956219596546,-9.403165314356926
3gou,C,SER,138,-54.91439232224606,-8.231084022668625
3gou,C,LYS,139,-98.73404666496032,10.486128439196534
3gou,C,TYR,140,-106.14215282847081,28.101864142543718
3gou,D,HIS,2,-81.22546727108931,-53.81264023551134
3gou,D,LEU,3,45.764650130223515,70.03227471862013
3gou,D,THR,4,-32.12410136953403,133.37303959143605
3gou,D,ALA,5,-28.22326356889789,-25.425679565203524
3gou,D,GLU,6,-83.61261653569736,-45.19343528328744
3gou,D,GLU,7,-63.04189225454931,-40.49897174720621
3gou,D,LYS,8,-57.24396741970264,-42.97343598792645
3gou,D,SER,9,-76.16948491936664,-24.412539731122024
3gou,D,LEU,10,-67.44399126219768,-22.82608283695137
3gou,D,VAL,11,-90.7277765411197,-47.09855162448474
3gou,D,SER,12,-74.05994088274981,-29.351246166757136
3gou,D,GLY,13,-43.0990193495268,-60.38504384504762
3gou,D,LEU,14,-65.89297509547113,-42.67777076793669
3gou,D,TRP,15,-75.84751044733844,-14.460025519677771
3gou,D,GLY,16,-64.77910910836523,-38.991707665070436
3gou,D,LYS,17,-105.57856076892725,27.790284236065247
3gou,D,VAL,18,-74.23689054734004,149.80212179713317
3gou,D,ASN,19,-94.81454493711544,84.99262324845125
3gou,D,VAL,20,-44.48717644728376,-33.200553166297425
3gou,D,ASP,21,-71.42460539745343,-39.596698330190094
3gou,D,GLU,22,-104.88498277790708,-28.105950085071242
3gou,D,VAL,23,-65.62829058116637,-46.70849493567849
3gou,D,GLY,24,-63.11424726590437,-45.38802626231222
3gou,D,GLY,25,-69.94307021342577,-27.182556572787007
3gou,D,GLU,26,-71.3179821522203,-42.23593101052498
3gou,D,ALA,27,-70.79755406386175,-42.133344957598354
3gou,D,LEU,28,-63.02261947475293,-32.20928580268264
3gou,D,GLY,29,-76.40447034054671,-33.29997186984167
3gou,D,ARG,30,-80.31244855770134,-28.432239216983845
3gou,D,LEU,31,-60.98904003320048,-50.66318011191825
3gou,D,LEU,32,-59.53102811232188,-37.755268535179994
3gou,D,ILE,33,-71.4266910502266,-47.00421440598154
3gou,D,VAL,34,-79.5832116078937,-28.832676780937362
3gou,D,TYR,35,-127.67894559293876,66.19021544802104
3gou,D,PRO,36,-47.49160439150006,-24.3124319611307
3gou,D,TRP,37,-62.635621029722714,-5.2463751440771205
3gou,D,THR,38,-91.03613312527541,-3.0011986425001282
3gou,D,GLN,39,-82.66662053906593,-7.231938423563804
3gou,D,ARG,40,-53.948354059292484,-36.87879202614215
3gou,D,PHE,41,-84.57268841604886,-5.737101543565643
3gou,D,PHE,42,-120.52849013527323,41.573136470027634
3gou,D,ASP,43,-58.46362046687557,-28.168151604885537
3gou,D,SER,44,-90.99765507283924,6.343453248173148
3gou,D,PHE,45,-96.28075369268136,5.79305738613013
3gou,D,GLY,46,82.92523563566203,-147.5866540803378
3gou,D,ASP,47,-84.31127587533207,122.4745777185617
3gou,D,LEU,48,-129.15036252390104,15.377557360306668
3gou,D,SER,49,-74.71919408892408,-14.887008976807294
3gou,D,THR,50,-141.372764765694,147.33916994231367
3gou,D,PRO,51,-41.3757085994074,-43.053188565310165
3gou,D,ASP,52,-64.87163596012732,-38.10373853871667
3gou,D,ALA,53,-61.59676453704154,-41.1870694952305
3gou,D,VAL,54,-70.62933802849935,-47.102532302222045
3gou,D,MET,55,-60.39488417912045,-27.76103365354288
3gou,D,SER,56,-106.72586585224056,-10.375858647843671
3gou,D,ASN,57,-53.25954280876947,126.26822887709704
3gou,D,ALA,58,-78.23872536717508,-15.8846050717803
3gou,D,LYS,59,-83.15970542168138,-41.29515372841337
3gou,D,VAL,60,-50.26345419780591,-46.1803335959861
3gou,D,LYS,61,-65.5986352984253,-54.15436444810065
3gou,D,ALA,62,-58.611931528010814,-58.60333907112903
3gou,D,HIS,63,-51.553288100161325,-37.28233423707081
3gou,D,GLY,64,-59.76966369954752,-40.666453558954544
3gou,D,LYS,65,-64.20806387992214,-37.606564558976004
3gou,D,LYS,66,-66.50372574106768,-38.37880861782338
3gou,D,VAL,67,-70.33306757440718,-40.43252313866054
3gou,D,LEU,68,-51.82226422259225,-43.92306629333254
3gou,D,ASN,69,-59.32083190000429,-42.09918353814791
3gou,D,SER,70,-53.29179441371551,-42.09552202690588
3gou,D,PHE,71,-69.4329704010675,-31.457596114037187
3gou,D,SER,72,-67.90832542155431,-42.80770185084697
3gou,D,ASP,73,-65.20321108448135,-30.465492578278145
3gou,D,GLY,74,-76.871639838822,-34.71654669404802
3gou,D,LEU,75,-70.4341024395098,-29.31292331137564
3gou,D,LYS,76,-77.95049019566233,-28.275805954952006
3gou,D,ASN,77,-125.66156164971741,73.59403245861574
3gou,D,LEU,78,-81.91092466819666,-13.374113666658587
3gou,D,ASP,79,-97.79123236851972,7.1818031052559945
3gou,D,ASN,80,-151.19542606538917,61.547367697629795
3gou,D,LEU,81,-66.57917268249413,-34.767175915560756
3gou,D,LYS,82,-59.12093582177863,-60.99137533544719
3gou,D,GLY,83,-52.864794477204896,-44.38561893512059
3gou,D,THR,84,-64.74510651877615,-38.13589120343369
3gou,D,PHE,85,-105.80608203303494,17.674959619191753
3gou,D,ALA,86,-56.337159488791485,-61.93438066681756
3gou,D,LYS,87,-68.53440474592873,-30.81977558481094
3gou,D,LEU,88,-68.44922766781062,-28.210088799473112
3gou,D,SER,89,-66.55758135246606,-39.34233685640092
3gou,D,GLU,90,-62.74727125718057,-36.059662411019644
3gou,D,LEU,91,-69.19416680612743,-47.012087775845174
3gou,D,HIS,92,-77.42583713832718,-40.394126665828054
3gou,D,CYS,93,-82.71200847914245,-37.46231829660263
3gou,D,ASP,94,-99.86499745739525,-24.593613462074075
3gou,D,LYS,95,-115.08937960452077,-34.7901821068219
3gou,D,LEU,96,-96.56521069948143,-26.593943909477076
3gou,D,HIS,97,58.81851949157203,45.1260623772304
3gou,D,VAL,98,-80.0943713442838,135.03685038456905
3gou,D,ASP,99,-71.71393964915225,133.4715506159174
3gou,D,PRO,100,-71.75591103703232,-2.0761404299863386
3gou,D,GLU,101,-59.56875106622192,-44.14181924423295
3gou,D,ASN,102,-70.43370893843317,-15.96675947888997
3gou,D,PHE,103,-72.19092597537508,-35.97091721680971
3gou,D,LYS,104,-59.73324681876733,-49.979813490553056
3gou,D,LEU,105,-58.7078114512135,-47.7250188179145
3gou,D,LEU,106,-60.04697044207242,-48.61532258665261
3gou,D,GLY,107,-48.14502046290386,-44.3129588602383
3gou,D,ASN,108,-69.95900672153842,-37.99965628402501
3gou,D,VAL,109,-71.93573738815022,-19.48764193713754
3gou,D,LEU,110,-71.84546540906499,-42.367251322321096
3gou,D,VAL,111,-56.65404797335226,-47.83595477460884
3gou,D,CYS,112,-53.43666808672728,-47.605907164966766
3gou,D,VAL,113,-62.95405533877448,-38.79634101426649
3gou,D,LEU,114,-66.63305750534371,-41.24026838916444
3gou,D,ALA,115,-56.93342176987085,-50.836045417893274
3gou,D,HIS,116,-58.83720148584952,-40.39499408124891
3gou,D,HIS,117,-75.83292166271958,-46.026798533425136
3gou,D,PHE,118,-93.23484341325236,-10.152740789657088
3gou,D,GLY,119,61.32720547107067,-121.5377418852203
3gou,D,LYS,120,-81.00025926842862,-13.316955619875415
3gou,D,GLU,121,-66.64367387313419,-19.735770130599633
3gou,D,PHE,122,-84.80864586465155,79.71679051707724
3gou,D,THR,123,-73.01055983231639,160.87331229288276
3gou,D,PRO,124,-55.98610464895603,-33.83536009286769
3gou,D,GLN,125,-55.03103830131042,-48.10805156440756
3gou,D,VAL,126,-73.31124194583789,-41.261994087871614
3gou,D,GLN,127,-60.56874783136273,-42.222902406978136
3gou,D,ALA,128,-64.84109904374358,-32.26978010705594
3gou,D,ALA,129,-69.18080785779239,-47.8536346633318
3gou,D,TYR,130,-61.43073332391643,-25.038735528034863
3gou,D,GLN,131,-68.78087474385715,-32.02852265718937
3gou,D,LYS,132,-69.94920498573474,-42.74167341184108
3gou,D,VAL,133,-63.740981061384474,-52.310188479251735
3gou,D,VAL,134,-61.79472232415043,-34.551066103391406
3gou,D,ALA,135,-65.67740521421848,-47.54705828753927
3gou,D,GLY,136,-66.38624847396964,-40.43734437628382
3gou,D,VAL,137,-65.56928048248996,-50.775943735976966
3gou,D,ALA,138,-57.07698848064503,-32.01882697348742
3gou,D,ASN,139,-88.9826792825549,-40.44749593652941
3gou,D,ALA,140,-65.78618063472246,-22.536253407520604
3gou,D,LEU,141,-83.00663845062589,-7.194499840071245
3gou,D,ALA,142,-111.85696979915738,17.866109501265612
3gou,D,HIS,143,-73.42689011532885,-39.870649424311665
3gou,D,LYS,144,-59.2149438267419,-4.031284498807963
3gou,D,TYR,145,-103.30095623071242,-3.448340012964337
